"first_name","last_name","email","Remaining Goal Amount"
"Yvonne","Stout","yvonne.stout@sims.edu",183084.00
"Timoteo","Bolnbach","timoteo.bolnbach@laboratorios.com",182572.00
"Kimberly","Chan","kimberly.chan@gmail.com",182133.00
"Yves","Mendez","yves.mendez@gmail.com",159190.00
"Debra","Langlois","debra.langlois@schmiedecke.com",153318.00
"Calogero","Cross","calogero.cross@mercantini.it",153288.00
"Carmen","Oestrovsky","carmen.oestrovsky@gmail.com",151902.00
"Lauretta","Neal","lauretta.neal@hotmail.de",151747.00
"Mattia","Huet","mattia.huet@aol.de",150776.00
"Aurelia","Angiolello","aurelia.angiolello@lord.com",148692.00
"Maximiliano","Knowles","maximiliano.knowles@gmail.com",147083.00
"Denis","Rogers","denis.rogers@poste.it",146296.00
"Noelia","Romo","noelia.romo@yahoo.com",146133.00
"Heidi","Barker","heidi.barker@gmail.com",145327.00
"Philip","Perez","philip.perez@hotmail.co.uk",145169.00
"Toralf","Iglesias","toralf.iglesias@borrego.com",144608.00
"Seth","Olivier","seth.olivier@yahoo.com",143744.00
"Svetlana","Montanariello","svetlana.montanariello@putz.de",140143.00
"Reynaldo","Wagenknecht","reynaldo.wagenknecht@faure.com",138462.00
"Vito","Dossi","vito.dossi@hotmail.co.uk",138369.00
"Cynthia","Robinson","cynthia.robinson@gilles.net",136557.00
"Amador","Riley","amador.riley@hotmail.com",135188.00
"Hailey","Russell","hailey.russell@jourdan.org",134914.00
"Alphonse","Nitto","alphonse.nitto@voila.fr",134441.00
"Ilse","Bray","ilse.bray@venturi.it",134378.00
"Teresa","Vecellio","teresa.vecellio@yahoo.com",133741.00
"Janko","Bishop","janko.bishop@tim.it",132077.00
"Gabino","Blot","gabino.blot@lewis-russell.org",131066.00
"Emilio","Davenport","emilio.davenport@zamora-russo.net",129126.00
"Luce","Marty","luce.marty@waehner.org",126763.00
"Joseph","Glover","joseph.glover@laposte.net",126640.00
"Thierry","Schwartz","thierry.schwartz@travaglio.net",124285.00
"Lisa","Terragni","lisa.terragni@proyectos.com",124131.00
"Diether","Baeza","diether.baeza@grupo.biz",123524.00
"Sarah","Davis","sarah.davis@david.com",121093.00
"Gretchen","Serna","gretchen.serna@pichon.org",120176.00
"Volkmar","Gauthier","volkmar.gauthier@hotmail.com",118171.00
"Kathrin","Godfrey","kathrin.godfrey@tele2.fr",117446.00
"Christophe","Bohnbach","christophe.bohnbach@ifrance.com",116570.00
"Justine","Mancini","justine.mancini@tiscali.it",116195.00
"Rhonda","Phillips","rhonda.phillips@yahoo.com",114641.00
"Miriam","Oquendo","miriam.oquendo@smith-watson.biz",113450.00
"Stefano","Lemonnier","stefano.lemonnier@binner.com",112302.00
"Tracey","Laboy","tracey.laboy@bell.biz",110583.00
"Alfonso","Finetti","alfonso.finetti@quiroz.com",107577.00
"Biagio","Valenzuela","biagio.valenzuela@robinson.info",103755.00
"Antonia","Kline","antonia.kline@gmail.com",101862.00
"Janice","Infantino","janice.infantino@hotmail.com",101563.00
"Leon","Baker","leon.baker@hotmail.com",101510.00
"Alonso","Palomo","alonso.palomo@gehringer.de",100948.00
"Joe","Michaud","joe.michaud@yahoo.fr",100031.00
"Chantal","Armas","chantal.armas@jenkins.net",98164.00
"Giada","Celentano","giada.celentano@evans.net",95831.00
"Geronimo","Pechel","geronimo.pechel@hotmail.com",95578.00
"Dina","Gibbons","dina.gibbons@brewer.net",94924.00
"Nelly","Marsh","nelly.marsh@hotmail.it",94266.00
"Hanno","Gollum","hanno.gollum@smith.com",93458.00
"Vincent","Singh","vincent.singh@gmail.com",92543.00
"Gianluca","Beck","gianluca.beck@green.biz",89130.00
"Ariadna","Geisel","ariadna.geisel@rangel.com",88154.00
"Gilberto","Evans","gilberto.evans@salcedo-archuleta.net",87993.00
"Aurore","Rosemann","aurore.rosemann@leoncavallo-rusticucci.com",87416.00
"Nath","Rico","nath.rico@yahoo.com",87211.00
"Gianmarco","Alcaraz","gianmarco.alcaraz@zacchia.net",86109.00
"Ottfried","Marques","ottfried.marques@tyler-watson.info",85109.00
"Gabriella","Avila","gabriella.avila@gmail.com",85057.00
"Friedl","Powell","friedl.powell@laposte.net",84842.00
"Arcelia","Babati","arcelia.babati@orange.fr",81621.00
"Alfredo","Ingram","alfredo.ingram@hotmail.com",80332.00
"Meta","Cuzzocrea","meta.cuzzocrea@howard-jensen.org",80079.00
"Laszlo","Vallee","laszlo.vallee@verdier.com",79651.00
"Alejandra","Joseph","alejandra.joseph@escalante-abrego.biz",79612.00
"Aldo","Cibin","aldo.cibin@gmx.de",77403.00
"Dimitri","Posada","dimitri.posada@gmail.com",76878.00
"Isabel","Pruschke","isabel.pruschke@gmail.com",76308.00
"Emiliano","Wells","emiliano.wells@gmx.de",75715.00
"Tina","Rodriguez","tina.rodriguez@web.de",75593.00
"Celia","Ungaretti","celia.ungaretti@fox.com",75460.00
"Raphaela","Gotthard","raphaela.gotthard@outlook.com",75070.00
"Alejandro","Cruz","alejandro.cruz@hotmail.com",74502.00
"Jean","Berthelot","jean.berthelot@oscuro.it",73143.00
"Zacharie","Cordier","zacharie.cordier@gmail.com",72854.00
"Geraldine","Cabrera","geraldine.cabrera@green-smith.info",72796.00
"Courtney","Fiebig","courtney.fiebig@doerschner.com",72471.00
"Mathilde","Kruschwitz","mathilde.kruschwitz@yahoo.com",72323.00
"Brittany","Tran","brittany.tran@tele2.it",72282.00
"Augustin","Wohlgemut","augustin.wohlgemut@watson.info",72076.00
"Guillermina","Nicholson","guillermina.nicholson@grondin.fr",71872.00
"Lauren","Guillaume","lauren.guillaume@sorgatz.org",71489.00
"Pomponio","Comencini","pomponio.comencini@hotmail.co.uk",71036.00
"Steffen","Mangold","steffen.mangold@paul.net",70650.00
"Douglas","Amaya","douglas.amaya@favata-brenna.net",70109.00
"Ottavio","Rust","ottavio.rust@crespi.com",69737.00
"Aimee","Foconi","aimee.foconi@outlook.com",68521.00
"Charlotte","Duke","charlotte.duke@ochoa.org",67212.00
"Guadalupe","Munoz","guadalupe.munoz@murray-hamilton.com.au",67027.00
"Christopher","Poirier","christopher.poirier@hotmail.com",66404.00
"Sergius","Mace","sergius.mace@palazzo.com",66205.00
"Emilia","Vivaldi","emilia.vivaldi@garnier.fr",65004.00
"Oreste","Ward","oreste.ward@proyectos.com",64849.00
"Marcantonio","Bennett","marcantonio.bennett@hopkins.com.au",63690.00
"Kendra","David","kendra.david@allan-morton.com",62756.00
"Marliese","Oneal","marliese.oneal@gmail.com",62697.00
"Fanny","Pertile","fanny.pertile@gmail.com",61426.00
"Lydia","Berengario","lydia.berengario@aol.de",60790.00
"Brett","Jones","brett.jones@alice.it",60442.00
"Karen","Avogadro","karen.avogadro@yahoo.com",57997.00
"Dana","Ritacca","dana.ritacca@gmail.com",57159.00
"Burghard","Rosenow","burghard.rosenow@hotmail.com",56177.00
"Mason","Potter","mason.potter@gmail.com",56077.00
"Zaira","Cattaneo","zaira.cattaneo@yahoo.com",56007.00
"Yolanda","Snyder","yolanda.snyder@gmx.de",55686.00
"Stephen","Pratesi","stephen.pratesi@hotmail.com",55645.00
"Itzel","Murphy","itzel.murphy@muelichen.de",55467.00
"Giulietta","Lucas","giulietta.lucas@club.com",54363.00
"Gianfranco","Hethur","gianfranco.hethur@stewart-lee.com.au",52885.00
"Krystal","Ammaniti","krystal.ammaniti@barbier.fr",52829.00
"Carly","Summers","carly.summers@yahoo.co.uk",52264.00
"Antonina","Cobb","antonina.cobb@gibson.org",51866.00
"Donald","Reynaud","donald.reynaud@green.edu.au",50133.00
"Erin","Weinhold","erin.weinhold@hotmail.fr",49635.00
"Irmi","Schweitzer","irmi.schweitzer@ozuna.com",49163.00
"Reginald","Hughes","reginald.hughes@gmail.com",48990.00
"Marisela","Mende","marisela.mende@godoy-enriquez.com",48928.00
"Elias","Marin","elias.marin@herve.net",48794.00
"Ahmad","Sosa","ahmad.sosa@gmail.com",48745.00
"Michelangelo","Hess","michelangelo.hess@bouygtel.fr",48281.00
"Maik","Beasley","maik.beasley@harper-brooks.biz",47813.00
"Gail","Petrocelli","gail.petrocelli@yahoo.com",45857.00
"Leo","Petruzzi","leo.petruzzi@yahoo.com",45499.00
"Johanne","Strong","johanne.strong@yahoo.de",44602.00
"Pina","Passalacqua","pina.passalacqua@yahoo.co.uk",44516.00
"Isidor","Carpenter","isidor.carpenter@chauvin.com",43513.00
"Johnathan","Guidotti","johnathan.guidotti@cox-sanchez.net",43164.00
"Amber","Weller","amber.weller@toso.eu",42923.00
"Kerry","Patel","kerry.patel@hutchinson.com",42786.00
"Cristina","Chevalier","cristina.chevalier@proyectos.com",41828.00
"Henry","Gucci","henry.gucci@leleu.fr",41198.00
"Gabriela","Padilla","gabriela.padilla@pearson-russell.com",40291.00
"Christine","Hiller","christine.hiller@yahoo.com",38177.00
"Leila","Washington","leila.washington@gmail.com",37385.00
"Sharon","Diallo","sharon.diallo@gmail.com",37241.00
"Dino","Osborne","dino.osborne@despacho.com",36972.00
"Dylan","Porzio","dylan.porzio@yahoo.de",36669.00
"Rosa","Paul","rosa.paul@bien.com",36426.00
"Alessio","Bruneau","alessio.bruneau@hotmail.co.uk",35354.00
"Allegra","Benedetti","allegra.benedetti@miller.com",35177.00
"Terri","Iannelli","terri.iannelli@hotmail.com",35173.00
"Giuseppina","Tanguy","giuseppina.tanguy@wanadoo.fr",34664.00
"Folker","Swanson","folker.swanson@rodrigues.fr",34111.00
"Eugenio","Martin","eugenio.martin@yahoo.de",34083.00
"Karolin","Johann","karolin.johann@hotmail.com",33083.00
"Amanda","Palmer","amanda.palmer@didier.fr",32169.00
"Brenda","Sontag","brenda.sontag@solari.com",31946.00
"Florentine","Saraceno","florentine.saraceno@gmail.com",31708.00
"Emmanuelle","Keller","emmanuelle.keller@morton-clarke.com",30879.00
"Ivo","Moreno","ivo.moreno@hotmail.com",30640.00
"Dulce","Adinolfi","dulce.adinolfi@hotmail.com",30424.00
"Alyssa","Brun","alyssa.brun@chittolini-spadafora.it",30147.00
"Emine","Tacchini","emine.tacchini@dbmail.com",28940.00
"Bertrand","Hopkins","bertrand.hopkins@gmail.com",28795.00
"Gareth","Comolli","gareth.comolli@tiscali.fr",28777.00
"Venancio","Stadelmann","venancio.stadelmann@gmx.de",28004.00
"Hortense","Taylor","hortense.taylor@chambers.biz",27326.00
"Jake","Wiley","jake.wiley@outlook.com",27307.00
"Jerry","Santiago","jerry.santiago@soprano-ferragni.it",26980.00
"Glen","Faivre","glen.faivre@yahoo.com",26907.00
"Rafael","Alexander","rafael.alexander@jenkins.com",25998.00
"Korinna","Arnold","korinna.arnold@zapata-saenz.biz",25376.00
"Richard","Andre","richard.andre@porras.org",25063.00
"Hugh","Cantu","hugh.cantu@libero.it",22855.00
"Irina","Martineau","irina.martineau@gmail.com",22661.00
"Baccio","Marcacci","baccio.marcacci@laposte.net",21907.00
"Eloy","Renzi","eloy.renzi@gmail.com",21407.00
"Laura","Buckley","laura.buckley@ryan.org",21318.00
"Stefani","Ughi","stefani.ughi@hotmail.it",21180.00
"Raisa","Poulain","raisa.poulain@fastwebnet.it",21006.00
"Valentine","Acosta","valentine.acosta@peters.net",20691.00
"Damaris","Pininfarina","damaris.pininfarina@gmail.com",17809.00
"Martyn","Caldera","martyn.caldera@hotmail.co.uk",17572.00
"Toby","Etzler","toby.etzler@industrias.com",17523.00
"Logan","Hornich","logan.hornich@tin.it",16494.00
"Ennio","Leoncavallo","ennio.leoncavallo@sanchez.org",16036.00
"Liliana","Barber","liliana.barber@libero.it",15564.00
"Randy","Alfieri","randy.alfieri@verri.org",14685.00
"Mariano","Prieto","mariano.prieto@vodafone.it",14450.00
"Frank","Henry","frank.henry@yahoo.com",13948.00
"Giustino","Luzi","giustino.luzi@rolland.fr",13617.00
"Astrid","Roht","astrid.roht@fastwebnet.it",13339.00
"Dustin","Camacho","dustin.camacho@rhodes.org.au",13324.00
"Frida","Villarreal","frida.villarreal@hotmail.de",13288.00
"Susi","Steinberg","susi.steinberg@preiss.com",12857.00
"Anita","Galindo","anita.galindo@gmail.com",11252.00
"Lilia","Lollobrigida","lilia.lollobrigida@le.com",10978.00
"Evangelos","Peters","evangelos.peters@sanchez.net",10212.00
"Linda","Franceschi","linda.franceschi@richards.net",9978.00
"Roman","Gonzalez","roman.gonzalez@anderson.net",9486.00
"Jorge","Monti","jorge.monti@clement.fr",9378.00
"Reinhilde","White","reinhilde.white@voila.fr",9371.00
"Marzena","Carrero","marzena.carrero@roskoth.de",9176.00
"Laurence","Lucero","laurence.lucero@martin.org",8845.00
"Edelgard","Kreusel","edelgard.kreusel@hotmail.com",8672.00
"Alexandria","Best","alexandria.best@yahoo.co.uk",8631.00
"Hilary","Clark","hilary.clark@libero.it",8554.00
"Sonja","Patberg","sonja.patberg@hotmail.com",8432.00
"Svenja","Perrin","svenja.perrin@berger.com",8362.00
"Berthold","Randall","berthold.randall@mcdonald.com",8178.00
"Hartmuth","Robertson","hartmuth.robertson@thomas.edu.au",8030.00
"Nathalie","Alvarez","nathalie.alvarez@live.com",7539.00
"Florencia","Querini","florencia.querini@gmail.com",7282.00
"Enzio","Campos","enzio.campos@tim.it",7257.00
"Birgit","Pena","birgit.pena@armellini.it",7233.00
"Graham","Bajardi","graham.bajardi@yahoo.com",7123.00
"Lorenzo","Roero","lorenzo.roero@hotmail.co.uk",7064.00
"Penny","Watson","penny.watson@matthews.net",6752.00
"Timothy","Weitzel","timothy.weitzel@gmail.com",6654.00
"Megan","Kuhl","megan.kuhl@despacho.com",6583.00
"Patricia","Liebelt","patricia.liebelt@baca.org",6583.00
"Lorraine","Crawford","lorraine.crawford@gmail.com",6451.00
"Brunhilde","Fletcher","brunhilde.fletcher@schomber.de",6363.00
"Samantha","Lowe","samantha.lowe@praga.it",6280.00
"Maggie","Boito","maggie.boito@yahoo.com",6214.00
"Damian","Pulido","damian.pulido@yahoo.de",6189.00
"Natalia","Seifert","natalia.seifert@ifrance.com",6097.00
"Trevor","Granados","trevor.granados@gmail.com",6078.00
"Clayton","Salcedo","clayton.salcedo@hotmail.co.uk",6073.00
"Erica","Zambrano","erica.zambrano@gmail.com",6068.00
"Puccio","Kitzmann","puccio.kitzmann@yahoo.com",5999.00
"Pierre","Cardenas","pierre.cardenas@luzi-bonomo.eu",5986.00
"Zbigniew","Holmes","zbigniew.holmes@stiffel.net",5869.00
"Agathe","Dias","agathe.dias@jackson.com",5705.00
"Santiago","Berry","santiago.berry@aol.de",5649.00
"Jemma","Tate","jemma.tate@hotmail.de",5575.00
"Alphons","Simmons","alphons.simmons@hotmail.com",5511.00
"Espartaco","Willis","espartaco.willis@hotmail.com",5504.00
"Slobodan","Camiscione","slobodan.camiscione@hotmail.com",5473.00
"Kaitlyn","Farinelli","kaitlyn.farinelli@outlook.com",5435.00
"Christy","Grossi","christy.grossi@alarcon-tafoya.com",5403.00
"Melinda","Canova","melinda.canova@orange.fr",5331.00
"Adina","Pollard","adina.pollard@outlook.com",5300.00
"Donatello","Millet","donatello.millet@fritsch.net",5256.00
"Karina","Arreola","karina.arreola@yahoo.com.au",5242.00
"Victoria","Ojeda","victoria.ojeda@doehn.com",5212.00
"Laure","Traetta","laure.traetta@kay-perkins.co.uk",5176.00
"Kristie","Garrett","kristie.garrett@wernecke.com",5167.00
"Ben","Maillot","ben.maillot@ramos.net",5149.00
"Andrew","Torres","andrew.torres@ruiz-torres.org",5040.00
"Alban","Barbier","alban.barbier@ortiz.org",5040.00
"Tony","Nicolas","tony.nicolas@morrocco-seddio.net",5011.00
"Virginia","Caetani","virginia.caetani@sosa.biz",4970.00
"Shelley","Perry","shelley.perry@gierschner.de",4940.00
"John","Lane","john.lane@gregoire.fr",4873.00
"Alain","Farmer","alain.farmer@hotmail.it",4809.00
"Mohammad","Hartung","mohammad.hartung@hotmail.com",4797.00
"Erika","Toussaint","erika.toussaint@sfr.fr",4768.00
"Tammy","Ramazzotti","tammy.ramazzotti@gmail.com",4741.00
"Federigo","Karge","federigo.karge@bohlander.com",4706.00
"Fortunata","Schneider","fortunata.schneider@tiscali.it",4671.00
"Aaron","Anaya","aaron.anaya@hotmail.com.au",4656.00
"Hanna","Reid","hanna.reid@salas.org",4526.00
"Harald","Roy","harald.roy@web.de",4501.00
"Aleksandr","Weiss","aleksandr.weiss@blanc.org",4498.00
"Ludger","Naccari","ludger.naccari@ingram.biz",4497.00
"Marissa","Gaito","marissa.gaito@reed-campbell.edu",4391.00
"Tonino","Stanley","tonino.stanley@hotmail.com",4379.00
"Babette","Dumas","babette.dumas@brady.net",4354.00
"Reingard","Kambs","reingard.kambs@sagese.eu",4288.00
"Giuseppe","Lee","giuseppe.lee@mahe.org",4286.00
"Jeffrey","Trommler","jeffrey.trommler@yahoo.com",4169.00
"Philippine","Vaca","philippine.vaca@hotmail.com",4147.00
"David","Rudolph","david.rudolph@nelson.com",4143.00
"Carolina","Murray","carolina.murray@knight.com",4110.00
"Thibault","Savorgnan","thibault.savorgnan@butler.biz",4104.00
"Matthew","Velasquez","matthew.velasquez@gmail.com",3990.00
"Terry","Ramirez","terry.ramirez@hotmail.co.uk",3961.00
"Tadeusz","Medina","tadeusz.medina@jackson-clark.net",3900.00
"Luc","Quinn","luc.quinn@walker.com",3899.00
"Pierpaolo","Scaduto","pierpaolo.scaduto@sanders-gibson.com.au",3887.00
"Alf","Bates","alf.bates@dunn.com",3874.00
"Ryan","Kim","ryan.kim@noos.fr",3803.00
"Colette","Ryan","colette.ryan@hotmail.com",3778.00
"Caroline","Reeves","caroline.reeves@yahoo.com",3768.00
"Katarina","Clarke","katarina.clarke@hotmail.com.au",3739.00
"Ruby","Carriera","ruby.carriera@hotmail.it",3708.00
"Eduardo","Delattre","eduardo.delattre@lynch.net.au",3686.00
"Dragica","West","dragica.west@yahoo.com.au",3668.00
"Ria","Venier","ria.venier@murillo-estevez.com",3617.00
"Nancy","Hayes","nancy.hayes@hotmail.com",3588.00
"Sean","Mielcarek","sean.mielcarek@gmail.com",3527.00
"Matthieu","Mcdonald","matthieu.mcdonald@morrison.org",3525.00
"Iris","Trincavelli","iris.trincavelli@tiscali.fr",3511.00
"Patrizio","Cisneros","patrizio.cisneros@martinez.edu.au",3482.00
"Lewis","Lewis","lewis.lewis@pisano.net",3465.00
"Isabella","Deleon","isabella.deleon@web.de",3402.00
"Graziano","Jensen","graziano.jensen@gmail.com",3396.00
"Mirko","Townsend","mirko.townsend@schmitt.com",3395.00
"Bernardo","Wieloch","bernardo.wieloch@budig.com",3385.00
"Janet","Madrigal","janet.madrigal@gmail.com",3297.00
"Arnaude","Warner","arnaude.warner@gmail.com",3285.00
"Caleb","Benavides","caleb.benavides@rubio.com",3270.00
"Heiderose","Garcia","heiderose.garcia@noos.fr",3260.00
"Ernesto","Nerger","ernesto.nerger@middleton.co.uk",3199.00
"Gary","Armani","gary.armani@web.de",3155.00
"Angela","Bowers","angela.bowers@laboratorios.com",3141.00
"Emmanuel","Dominguez","emmanuel.dominguez@gmail.com",3073.00
"Charles","Begum","charles.begum@laboratorios.info",3062.00
"Jessika","Meunier","jessika.meunier@gmx.de",3036.00
"Vicente","Tijerina","vicente.tijerina@montanariello.com",3022.00
"Stephanie","King","stephanie.king@cervantes.com",3011.00
"Evangelista","Pereira","evangelista.pereira@thompson-peterson.biz",2997.00
"Danielle","Ladeck","danielle.ladeck@scalfaro.net",2992.00
"Reiner","Poerio","reiner.poerio@yahoo.com",2831.00
"Steven","Folliero","steven.folliero@noos.fr",2787.00
"Olivier","Petrucelli","olivier.petrucelli@letta-raurica.eu",2748.00
"Jack","Klapp","jack.klapp@hotmail.com.au",2724.00
"Beth","Miniati","beth.miniati@hudson.net",2680.00
"Toni","Magrassi","toni.magrassi@gmail.com",2639.00
"Gunhild","Carrillo","gunhild.carrillo@elliott-gilbert.org",2637.00
"Fabrizia","Renard","fabrizia.renard@higgins-marks.com",2613.00
"Piermaria","Laporte","piermaria.laporte@wesack.com",2548.00
"Corrado","Warren","corrado.warren@hotmail.com.au",2435.00
"Jo","Mccarty","jo.mccarty@hotmail.com",2395.00
"Wendy","Bustos","wendy.bustos@libero.it",2380.00
"Bonnie","Cignaroli","bonnie.cignaroli@yahoo.com",2357.00
"Samuel","Sorgatz","samuel.sorgatz@gmail.com",2335.00
"Tomislav","Stoppani","tomislav.stoppani@corporacin.org",2276.00
"Helen","Polanco","helen.polanco@hotmail.com",2237.00
"Gerardo","Hamilton","gerardo.hamilton@libero.it",2212.00
"Arthur","Salazar","arthur.salazar@yahoo.com.au",2201.00
"Jelena","Stiffel","jelena.stiffel@trupp.de",2192.00
"Pascual","Corradi","pascual.corradi@lopez.net.au",2171.00
"Gottfried","Barbe","gottfried.barbe@hotmail.com",2159.00
"Livia","Ernst","livia.ernst@colas.fr",2136.00
"Anel","Carpentier","anel.carpentier@klein-joseph.org",2121.00
"Catherine","Gray","catherine.gray@hotmail.com",2098.00
"Istvan","Draghi","istvan.draghi@ifrance.com",2014.00
"Reina","Middleton","reina.middleton@hotmail.com",1988.00
"Pia","Burgess","pia.burgess@proyectos.org",1858.00
"Javier","Tessier","javier.tessier@mclaughlin.biz",1846.00
"Francisca","Becerra","francisca.becerra@young.com.au",1823.00
"Silvano","Blanchet","silvano.blanchet@yahoo.com",1823.00
"Gelsomina","Migliaccio","gelsomina.migliaccio@junk.com",1786.00
"Leokadia","Verdier","leokadia.verdier@hotmail.com.au",1773.00
"Diane","Rogner","diane.rogner@kelly.co.uk",1757.00
"Mathew","Maestas","mathew.maestas@casas-garrido.com",1755.00
"Katherina","Barrientos","katherina.barrientos@trobbiani.eu",1750.00
"Jeanette","Iannotti","jeanette.iannotti@yahoo.com",1723.00
"Angelina","Davies","angelina.davies@hotmail.com",1697.00
"Nicolaus","Bernetti","nicolaus.bernetti@aol.de",1688.00
"Gerd","Gunpf","gerd.gunpf@gmail.com",1677.00
"Elvira","Papafava","elvira.papafava@ifrance.com",1670.00
"Phyllis","Gurule","phyllis.gurule@rodriguez-pham.com",1668.00
"Kenneth","Hurst","kenneth.hurst@meunier.net",1662.00
"Marcus","Espino","marcus.espino@comolli.eu",1652.00
"Micheletto","Sykes","micheletto.sykes@thompson-thompson.com",1647.00
"Gioele","Schwital","gioele.schwital@moody.com",1627.00
"Scott","Gough","scott.gough@industrias.com",1598.00
"Clelia","Faulkner","clelia.faulkner@hotmail.com",1593.00
"Nicole","Mccullough","nicole.mccullough@hall.com",1575.00
"Maurizio","Gute","maurizio.gute@knight.info",1560.00
"Imelda","Guerin","imelda.guerin@stumpf.net",1559.00
"Danny","Farrell","danny.farrell@hotmail.com",1503.00
"Gerda","Cook","gerda.cook@tin.it",1444.00
"Ruggero","Parpinel","ruggero.parpinel@gmail.com",1331.00
"Marie","Zoppetto","marie.zoppetto@kallert.de",1320.00
"Nadia","Travaglio","nadia.travaglio@colletti-broggini.com",1320.00
"Livio","Rosselli","livio.rosselli@green.co.uk",1276.00
"Lori","Fagotto","lori.fagotto@hill-anderson.com",1263.00
"Yvette","Harding","yvette.harding@yahoo.co.uk",1222.00
"Arnaldo","Ocasio","arnaldo.ocasio@hotmail.com",1221.00
"Paulina","Miller","paulina.miller@lewis-barker.com",1221.00
"Karl","Trevisani","karl.trevisani@anguissola.it",1200.00
"Vanesa","Khan","vanesa.khan@voila.fr",1162.00
"Kasimir","Jaime","kasimir.jaime@gmail.com",1155.00
"Samira","Bottaro","samira.bottaro@vasseur.fr",1131.00
"Donatella","Burns","donatella.burns@yahoo.de",1115.00
"Grace","Kroker","grace.kroker@hotmail.com",1085.00
"Federico","Marie","federico.marie@jourdan.fr",1013.00
"Vincentio","Sanders","vincentio.sanders@voila.fr",961.00
"Alberto","Girschner","alberto.girschner@laboratorios.com",903.00
"Harry","Fouquet","harry.fouquet@ibarra-cooper.com",868.00
"Wilfrido","Lorch","wilfrido.lorch@leclerc.fr",864.00
"Mitchell","Bachmann","mitchell.bachmann@suarez-cruz.com",832.00
"Evan","Schacht","evan.schacht@price.com",822.00
"Sole","Trevino","sole.trevino@hotmail.com",780.00
"Angelo","Lozano","angelo.lozano@macias.com",780.00
"Eva","Francis","eva.francis@parker.org",757.00
"Gunar","Patrick","gunar.patrick@leroy.com",720.00
"Sandra","Hardy","sandra.hardy@web.de",671.00
"Stanley","Mills","stanley.mills@parker-lee.biz",626.00
"Justin","Luxardo","justin.luxardo@googlemail.com",608.00
"Hazel","Pierce","hazel.pierce@outlook.com",603.00
"Bernard","Durand","bernard.durand@royer.com",591.00
"Ron","Cavazos","ron.cavazos@yahoo.com",576.00
"Anna","Freeman","anna.freeman@snyder.net",562.00
"Gavin","Proietti","gavin.proietti@gmx.de",438.00
"Tobias","Carbajal","tobias.carbajal@live.com",426.00
"Jos","Trobbiani","jos.trobbiani@samson.com",415.00
"Evelin","Odonnell","evelin.odonnell@ibarra.net",401.00
"Kathleen","Solimena","kathleen.solimena@wallace.biz",384.00
"Caridad","Carr","caridad.carr@huhn.com",332.00
"Leonor","Ferreira","leonor.ferreira@gmail.com",282.00
"Emily","Cundari","emily.cundari@clark.com.au",273.00
"Maximilian","Siering","maximilian.siering@gaito-fornaciari.org",250.00
"Shelly","Guichard","shelly.guichard@gmail.com",206.00
"Romana","Blanchard","romana.blanchard@googlemail.com",205.00
"Blanka","Villareal","blanka.villareal@monduzzi.net",194.00
"Pam","Vargas","pam.vargas@guillot.net",176.00
"Margaretha","Murialdo","margaretha.murialdo@meunier.com",137.00
"Elsa","Cugia","elsa.cugia@yahoo.com",134.00
"Giorgia","Dijoux","giorgia.dijoux@paul.com",124.00
"Rico","Mortati","rico.mortati@faivre.fr",100.00
"Cecilia","Velasco","cecilia.velasco@rodrigues.fr",100.00
"Brigitta","Shaw","brigitta.shaw@hotmail.co.uk",99.00
"Rembrandt","Liguori","rembrandt.liguori@davis.org",99.00
"Fiona","Griffiths","fiona.griffiths@curatoli-verdone.it",99.00
"Uberto","Steele","uberto.steele@outlook.com",99.00
"Israel","Watkins","israel.watkins@hotmail.com",99.00
"Bethany","Hartmann","bethany.hartmann@yahoo.com",98.00
"Nicholas","Christian","nicholas.christian@hotmail.de",98.00
"Augusto","Vercelloni","augusto.vercelloni@club-internet.fr",98.00
"Odette","Moore","odette.moore@hall.edu",98.00
"Vincenza","Key","vincenza.key@adams.com",98.00
"Roy","Fox","roy.fox@tejeda.com",97.00
"Sabine","Lachmann","sabine.lachmann@phillips.org",97.00
"Dale","Leblanc","dale.leblanc@stewart.com",96.00
"Suzanne","Benigni","suzanne.benigni@mennea-morlacchi.com",96.00
"Benjamin","Schultz","benjamin.schultz@rivero-davila.com",95.00
"Mirjana","Collins","mirjana.collins@hotmail.com",95.00
"Julie","Coles","julie.coles@hotmail.fr",95.00
"Rosl","Lamborghini","rosl.lamborghini@hiller.net",95.00
"Leopoldo","Johnson","leopoldo.johnson@hotmail.com.au",73.00
"Bryan","Ross","bryan.ross@yahoo.com",66.00
"Nuray","Anguillara","nuray.anguillara@yahoo.co.uk",53.00
"Katharine","Zaccagnini","katharine.zaccagnini@hotmail.com",25.00
"Jonas","Badoer","jonas.badoer@kennedy.biz",-17.00
"Gebhard","Thanel","gebhard.thanel@gmail.com",-22.00
"Karla","Medici","karla.medici@yahoo.com",-48.00
"Catalina","Pizzetti","catalina.pizzetti@tim.it",-56.00
"Francesca","Kade","francesca.kade@luna-rael.org",-69.00
"Amy","Georges","amy.georges@raedel.de",-117.00
"Bill","Gallagher","bill.gallagher@green.com",-139.00
"Rebecca","Greer","rebecca.greer@hotmail.com",-255.00
"Antoinette","Cox","antoinette.cox@bustamante.com",-283.00
"Wolf","Lutz","wolf.lutz@nichols-jackson.com.au",-321.00
"Fridolin","Comboni","fridolin.comboni@graf.com",-329.00
"Louis","Gilbert","louis.gilbert@gmail.com",-361.00
"Greca","Ruiz","greca.ruiz@carr.co.uk",-401.00
"Susanna","Bonneau","susanna.bonneau@klingelhoefer.de",-427.00
"Nanni","Almaraz","nanni.almaraz@martin.com",-430.00
"Abelardo","Castro","abelardo.castro@gmail.com",-484.00
"Coriolano","Higgins","coriolano.higgins@murphy.org.au",-517.00
"Roland","Weihmann","roland.weihmann@gmail.com",-534.00
"Martino","Wagner","martino.wagner@laposte.net",-547.00
"Jacqueline","Germano","jacqueline.germano@valette.fr",-556.00
"Marisa","Renaud","marisa.renaud@smith.org",-650.00
"Brent","Pons","brent.pons@proyectos.net",-676.00
"Lilla","Leonard","lilla.leonard@jungfer.com",-681.00
"Rolando","Bibi","rolando.bibi@tin.it",-708.00
"Juliette","Preston","juliette.preston@gmail.com",-732.00
"Giacinto","Briggs","giacinto.briggs@yahoo.co.uk",-738.00
"Alexander","Pausini","alexander.pausini@gonzalez.info",-796.00
"Elaine","Patterson","elaine.patterson@rose-morris.org",-814.00
"Diana","Schuchhardt","diana.schuchhardt@libero.it",-876.00
"Derrick","Little","derrick.little@small.org",-893.00
"Phillip","Soliz","phillip.soliz@outlook.com",-951.00
"Yeni","Tejada","yeni.tejada@olson.edu.au",-984.00
"Jacinto","Rose","jacinto.rose@yahoo.com",-1021.00
"Enrique","Guillen","enrique.guillen@hotmail.co.uk",-1023.00
"Desiree","Huerta","desiree.huerta@morris.com",-1032.00
"Liam","Rolland","liam.rolland@yahoo.fr",-1037.00
"Valerie","Ortega","valerie.ortega@tele2.it",-1042.00
"Mandy","Weston","mandy.weston@free.fr",-1100.00
"Marlen","Coardi","marlen.coardi@colletti.eu",-1131.00
"Chelsea","Verdugo","chelsea.verdugo@campbell.com",-1148.00
"Zachary","Vespucci","zachary.vespucci@industrias.com",-1208.00
"Bettina","Norbiato","bettina.norbiato@allen-lutz.org",-1291.00
"Lodovico","Conley","lodovico.conley@yahoo.com",-1328.00
"Edward","Scott","edward.scott@yahoo.com",-1407.00
"Pedro","Wilson","pedro.wilson@outlook.com",-1416.00
"Paul","Palladio","paul.palladio@mclaughlin.net.au",-1423.00
"Nayeli","Gehringer","nayeli.gehringer@hotmail.com",-1448.00
"Uriel","Holt","uriel.holt@gmail.com",-1489.00
"Mauro","Ortiz","mauro.ortiz@oquendo.net",-1508.00
"Marion","Lira","marion.lira@ifrance.com",-1508.00
"Briana","Etienne","briana.etienne@bishop-coates.com",-1530.00
"Mirjam","Dawson","mirjam.dawson@yahoo.com",-1537.00
"Lara","Jacob","lara.jacob@buckley.org",-1616.00
"Cristal","Mazzini","cristal.mazzini@gmail.com",-1676.00
"Brandy","Meraz","brandy.meraz@yahoo.com",-1719.00
"Sevim","Begue","sevim.begue@yahoo.com.au",-1775.00
"Ernest","Delorme","ernest.delorme@dowerg.de",-1823.00
"Victoire","Travaglia","victoire.travaglia@zacchia.com",-1869.00
"Marco","Vittadello","marco.vittadello@gmail.com",-1877.00
"Natalie","Lerma","natalie.lerma@boucher.com",-1922.00
"Adela","Alfonsi","adela.alfonsi@despacho.com",-1953.00
"Ian","Kelly","ian.kelly@reeves.com.au",-1955.00
"Swantje","Lomeli","swantje.lomeli@gmx.de",-1982.00
"Clinton","Mason","clinton.mason@yahoo.com",-2042.00
"Etta","Gutknecht","etta.gutknecht@leconte.net",-2058.00
"Daniel","Anders","daniel.anders@yahoo.com",-2077.00
"Georges","Richards","georges.richards@macdonald.com",-2096.00
"Margaret","Eigenwillig","margaret.eigenwillig@yahoo.com",-2113.00
"Natividad","Wong","natividad.wong@hoevel.com",-2119.00
"Guarino","Escalante","guarino.escalante@hotmail.com",-2134.00
"June","Sinisi","june.sinisi@manzoni-giannini.it",-2138.00
"Craig","Jordan","craig.jordan@gmail.com",-2160.00
"Austin","Musatti","austin.musatti@tin.it",-2166.00
"Clara","Armstrong","clara.armstrong@vodafone.it",-2191.00
"Leonard","Harvey","leonard.harvey@hotmail.com",-2196.00
"Patrick","Rosas","patrick.rosas@yahoo.com",-2200.00
"Casey","Flores","casey.flores@baggio.org",-2210.00
"Aurelio","Gertz","aurelio.gertz@hewitt.net",-2217.00
"Monica","Mohaupt","monica.mohaupt@live.com",-2229.00
"Judith","Butte","judith.butte@fischer-vaughn.info",-2300.00
"Olivie","Contarini","olivie.contarini@marshall-wright.biz",-2329.00
"Lawrence","Vasari","lawrence.vasari@castillo.edu",-2344.00
"Rebeca","Frey","rebeca.frey@gerard.fr",-2367.00
"Ellie","Galarza","ellie.galarza@pareto-cattaneo.net",-2370.00
"Umberto","Hicks","umberto.hicks@hill.com",-2375.00
"Ashley","Hellwig","ashley.hellwig@libero.it",-2423.00
"Lando","Gutierrez","lando.gutierrez@heser.com",-2445.00
"Cheryl","Boyd","cheryl.boyd@segni.it",-2451.00
"Yuridia","Fantozzi","yuridia.fantozzi@mcdonald.com",-2490.00
"Sandro","Moran","sandro.moran@hotmail.de",-2540.00
"Kristi","Grant","kristi.grant@yahoo.co.uk",-2583.00
"Rudolf","Jenkins","rudolf.jenkins@hotmail.com",-2606.00
"Rodney","Hamon","rodney.hamon@hotmail.com",-2619.00
"Michael","Descamps","michael.descamps@gmail.com",-2622.00
"Shane","Fernandez","shane.fernandez@hotmail.de",-2634.00
"Ricciotti","Laureano","ricciotti.laureano@parsons.com",-2670.00
"Beatriz","Moulin","beatriz.moulin@pinto.com",-2684.00
"Alwine","Kostolzin","alwine.kostolzin@holloway.com",-2704.00
"Ellinor","Leclercq","ellinor.leclercq@gmail.com",-2709.00
"Ermenegildo","Holzapfel","ermenegildo.holzapfel@aol.de",-2721.00
"Mitzy","Junk","mitzy.junk@zaragoza.com",-2726.00
"Reece","Valencia","reece.valencia@laboy-palomo.com",-2784.00
"Estela","Segovia","estela.segovia@vodafone.it",-2861.00
"Christina","Besnard","christina.besnard@delorme.com",-2878.00
"Ramona","Brooks","ramona.brooks@kensy.de",-2904.00
"Alma","Raymond","alma.raymond@tin.it",-2912.00
"Rita","Sharp","rita.sharp@beard-scott.edu.au",-2929.00
"Brigitte","Stiebitz","brigitte.stiebitz@gmail.com",-2955.00
"Elliott","Herrmann","elliott.herrmann@hotmail.com.au",-2966.00
"Oscar","Holsten","oscar.holsten@yahoo.com",-2996.00
"Dario","Green","dario.green@live.com",-2997.00
"Rosario","Jacques","rosario.jacques@yahoo.com",-3005.00
"Stanislaw","Montalvo","stanislaw.montalvo@mcpherson-hughes.info",-3008.00
"Silvia","Gierschner","silvia.gierschner@tele2.it",-3027.00
"Ottone","Sullivan","ottone.sullivan@hussain-kaur.com",-3029.00
"Guenther","Armenta","guenther.armenta@free.fr",-3033.00
"Silvester","Brookes","silvester.brookes@franco.org",-3034.00
"Bekir","Normand","bekir.normand@yahoo.de",-3051.00
"Felix","Rubio","felix.rubio@ebert.de",-3060.00
"Genaro","Briand","genaro.briand@sfr.fr",-3102.00
"Andrey","Faure","andrey.faure@frederick-mitchell.info",-3122.00
"Siegrun","Mota","siegrun.mota@matthews-montoya.org.au",-3130.00
"Michela","Pruvost","michela.pruvost@holt.co.uk",-3146.00
"Alicia","Cainero","alicia.cainero@yahoo.com",-3175.00
"Leonid","Scholl","leonid.scholl@collin.com",-3229.00
"Gerald","Olivera","gerald.olivera@outlook.com",-3239.00
"Flavia","Yoder","flavia.yoder@hotmail.de",-3257.00
"Edeltraud","Chavez","edeltraud.chavez@hotmail.com.au",-3288.00
"Martina","Heser","martina.heser@morellato.it",-3292.00
"Raymond","Solorzano","raymond.solorzano@gmail.com",-3343.00
"Virginie","McLean","virginie.mclean@yahoo.com",-3410.00
"Greco","Walker","greco.walker@yahoo.com",-3422.00
"Flora","Harris","flora.harris@hotmail.com.au",-3432.00
"Pauline","Ackermann","pauline.ackermann@arredondo-roque.com",-3461.00
"Lore","Delaunay","lore.delaunay@yahoo.com",-3464.00
"Jeremy","Gomez","jeremy.gomez@oconnor.org",-3493.00
"Abdul","Thomas","abdul.thomas@vasari.com",-3556.00
"Madeleine","Cooper","madeleine.cooper@poste.it",-3578.00
"Durante","Lindner","durante.lindner@picard.fr",-3620.00
"Robert","Bruder","robert.bruder@manzoni.com",-3623.00
"Laetitia","Gallet","laetitia.gallet@aubry.org",-3628.00
"Ivan","Accardo","ivan.accardo@web.de",-3635.00
"Robin","Schleich","robin.schleich@rogers-barrera.biz",-3639.00
"Devin","Ebert","devin.ebert@yahoo.fr",-3657.00
"Mirco","Nicolini","mirco.nicolini@blin.net",-3722.00
"Sue","Corrales","sue.corrales@cardenas-serna.org",-3834.00
"Cameron","Ocampo","cameron.ocampo@hotmail.com.au",-3891.00
"Auguste","Burnett","auguste.burnett@yahoo.fr",-3905.00
"Jutta","Burke","jutta.burke@elliott.com",-3907.00
"Nico","Kaiser","nico.kaiser@almonte.com",-3908.00
"Maria","Nguyen","maria.nguyen@hernadez.com",-3912.00
"Editha","Savage","editha.savage@davies.co.uk",-3923.00
"Allan","Emanuelli","allan.emanuelli@fernandes.org",-3928.00
"Melanie","Leveque","melanie.leveque@fleury.net",-4015.00
"Francisco","Dorsey","francisco.dorsey@tiscali.fr",-4046.00
"Mario","Rees","mario.rees@gmx.de",-4085.00
"Metin","Coulon","metin.coulon@ashley.com",-4129.00
"Letizia","Gulotta","letizia.gulotta@howard.biz",-4154.00
"Kevin","Delahaye","kevin.delahaye@ellis-wilson.com",-4165.00
"Kim","Webb","kim.webb@yahoo.com.au",-4182.00
"Natasha","Lara","natasha.lara@outlook.com",-4200.00
"Mark","Trapanese","mark.trapanese@gmail.com",-4225.00
"Cory","Stewart","cory.stewart@voila.fr",-4274.00
"Mauricio","Saunders","mauricio.saunders@hotmail.co.uk",-4279.00
"Senta","Grassi","senta.grassi@hotmail.com",-4296.00
"Hugues","Oliver","hugues.oliver@stiffel.com",-4314.00
"Tim","Bradley","tim.bradley@schlosser.de",-4376.00
"Romina","Valentine","romina.valentine@hotmail.com",-4387.00
"Gianna","Carroll","gianna.carroll@perez.com",-4438.00
"Griselda","Carranza","griselda.carranza@krause.de",-4449.00
"Petros","Gaona","petros.gaona@googlemail.com",-4461.00
"Randall","Connolly","randall.connolly@jovinelli-castelli.com",-4469.00
"Manfred","James","manfred.james@davies.org",-4548.00
"Morgan","Irizarry","morgan.irizarry@williams-harris.biz",-4558.00
"Lolita","Borrego","lolita.borrego@gmail.com",-4644.00
"Homero","Respighi","homero.respighi@gmail.com",-4689.00
"Camillo","Dehmel","camillo.dehmel@brown-campbell.com",-4717.00
"Gian","Long","gian.long@hotmail.com",-4725.00
"Guglielmo","Caldwell","guglielmo.caldwell@loeffler.com",-4728.00
"Paula","Canales","paula.canales@gilmore-guerrero.com",-4738.00
"Joshua","Scheibe","joshua.scheibe@turci.org",-4758.00
"Nathan","Jennings","nathan.jennings@kim.com",-4763.00
"Kaylee","Hoffmann","kaylee.hoffmann@poulain.com",-4768.00
"Rochus","Rousseau","rochus.rousseau@nguyen.com",-4797.00
"Dolores","Didier","dolores.didier@yahoo.com.au",-4897.00
"Stacey","Knox","stacey.knox@corporacin.com",-4906.00
"Melania","Klemm","melania.klemm@seidel.com",-4908.00
"Rotraud","Mitchell","rotraud.mitchell@laboratorios.com",-4927.00
"Leone","Richardson","leone.richardson@yahoo.com",-4942.00
"Antonino","Bolander","antonino.bolander@gmail.com",-4985.00
"Brandon","Olson","brandon.olson@prince-moreno.net",-5005.00
"Werner","Kallert","werner.kallert@gmail.com",-5055.00
"Isaac","Benard","isaac.benard@googlemail.com",-5067.00
"Gionata","Hussain","gionata.hussain@yahoo.com",-5080.00
"Antonio","Gibson","antonio.gibson@faust.net",-5146.00
"Daniela","Bell","daniela.bell@vollbrecht.org",-5188.00
"Rodolfo","Couturier","rodolfo.couturier@tim.it",-5214.00
"Fiorenzo","Bauer","fiorenzo.bauer@gmail.com",-5221.00
"Ippazio","Angulo","ippazio.angulo@yahoo.com",-5241.00
"Margrit","Hooper","margrit.hooper@douglas.com",-5255.00
"Claudine","Rowley","claudine.rowley@industrias.com",-5263.00
"Dennis","Boaga","dennis.boaga@gmx.de",-5325.00
"Eloisa","Pascarella","eloisa.pascarella@gmail.com",-5331.00
"Marisol","Richard","marisol.richard@gmail.com",-5342.00
"Octavio","Pratt","octavio.pratt@web.de",-5364.00
"Ashleigh","Montez","ashleigh.montez@perry-schneider.com",-5403.00
"Sheila","Goodwin","sheila.goodwin@yahoo.com",-5455.00
"Rose","Blanc","rose.blanc@grupo.com",-5457.00
"Elena","Jimenez","elena.jimenez@yahoo.com.au",-5519.00
"Camille","Tafuri","camille.tafuri@aol.de",-5522.00
"Liberto","Niemeier","liberto.niemeier@germano-dibiasi.it",-5589.00
"Socorro","Luna","socorro.luna@hotmail.com",-5595.00
"Kathryn","Hentschel","kathryn.hentschel@shaw.com",-5614.00
"Gaetano","Leonardi","gaetano.leonardi@despacho.com",-5626.00
"Martin","Meyer","martin.meyer@davis.co.uk",-5629.00
"Carla","Butler","carla.butler@yahoo.com",-5656.00
"Albert","Legendre","albert.legendre@lee.com",-5717.00
"Rufino","Gallegos","rufino.gallegos@webster-newton.co.uk",-5729.00
"Katie","Andersen","katie.andersen@haney.com.au",-5739.00
"Alex","Smith","alex.smith@fournier.fr",-5748.00
"Raven","Pinto","raven.pinto@hotmail.com",-5785.00
"Angelica","Cuellar","angelica.cuellar@zaguri-bellucci.net",-5881.00
"Mary","Etzold","mary.etzold@conrad-harrison.com",-5907.00
"Abigail","Foster","abigail.foster@taylor.net",-5912.00
"Alwina","Textor","alwina.textor@poste.it",-5939.00
"Patricio","Guillon","patricio.guillon@web.de",-5944.00
"Rouven","Ovadia","rouven.ovadia@gmail.com",-5954.00
"Pasquale","Tomasini","pasquale.tomasini@hotmail.co.uk",-5960.00
"Jill","Barrios","jill.barrios@gmail.com",-5960.00
"Veronica","Trapp","veronica.trapp@tiscali.it",-5983.00
"Ettore","Amaldi","ettore.amaldi@germain.com",-5988.00
"Nicolas","Palacios","nicolas.palacios@meraz.com",-6016.00
"Eric","Barnes","eric.barnes@barrett-winter.com",-6038.00
"Pero","Joly","pero.joly@bernard.net",-6078.00
"Lotti","Morris","lotti.morris@yahoo.co.uk",-6095.00
"Marc","Aumann","marc.aumann@holland.com",-6099.00
"Fidel","Ruppert","fidel.ruppert@yahoo.co.uk",-6158.00
"Adam","Zavala","adam.zavala@guichard.fr",-6191.00
"Kirsten","Chindamo","kirsten.chindamo@carrillo-wall.com",-6200.00
"Marianne","Hubert","marianne.hubert@hotmail.com",-6239.00
"Shannon","Lefevre","shannon.lefevre@gmail.com",-6288.00
"Ehrentraud","Puga","ehrentraud.puga@laboratorios.com",-6301.00
"Bozena","Schmitt","bozena.schmitt@vallet.com",-6312.00
"Edda","Ferraris","edda.ferraris@libero.it",-6314.00
"Chad","Turner","chad.turner@gmail.com",-6324.00
"Ferdi","Blackburn","ferdi.blackburn@christensen.net",-6363.00
"Ludovico","Cafarchia","ludovico.cafarchia@gmail.com",-6374.00
"Cilly","Gay","cilly.gay@callegaro.it",-6404.00
"Alexa","Barillaro","alexa.barillaro@ramos.net",-6419.00
"Pierluigi","Taccola","pierluigi.taccola@gmx.de",-6446.00
"Calcedonio","Remy","calcedonio.remy@edwards-benton.com",-6452.00
"Peter","Vogt","peter.vogt@yahoo.com",-6453.00
"Annie","Hunter","annie.hunter@allen.co.uk",-6468.00
"Galasso","Junken","galasso.junken@yahoo.co.uk",-6474.00
"Benito","Gritti","benito.gritti@gmail.com",-6497.00
"Tristan","Weeks","tristan.weeks@pena.com",-6502.00
"Brianna","Hanson","brianna.hanson@stanley.com",-6512.00
"Adrian","Noel","adrian.noel@perrin.com",-6527.00
"Joanna","Baxter","joanna.baxter@bruce-wright.com",-6609.00
"Troy","Schmiedecke","troy.schmiedecke@picard.com",-6653.00
"Travis","Cowan","travis.cowan@turner.info",-6689.00
"Beverley","Telesio","beverley.telesio@regnier.fr",-6718.00
"Carolyn","Charpentier","carolyn.charpentier@hotmail.de",-6722.00
"Alison","Morales","alison.morales@lewis.com",-6765.00
"Riza","Techer","riza.techer@yahoo.com",-6774.00
"Brandi","Abbagnale","brandi.abbagnale@tele2.fr",-6789.00
"Anastasie","Cadena","anastasie.cadena@live.com",-6805.00
"Adelgunde","Trevisan","adelgunde.trevisan@gmail.com",-6821.00
"Ingeborg","Alba","ingeborg.alba@hotmail.com",-6835.00
"Margot","Tomaselli","margot.tomaselli@junck.org",-6881.00
"Eddie","Collazo","eddie.collazo@gmail.com",-6903.00
"Holly","Negrete","holly.negrete@hotmail.com",-6910.00
"Jamie","Peacock","jamie.peacock@interiano-nordio.com",-6913.00
"Eraldo","Schmiedt","eraldo.schmiedt@hotmail.de",-6944.00
"Lynn","Lawson","lynn.lawson@leclercq.com",-6947.00
"Rosmarie","Esquibel","rosmarie.esquibel@bouygtel.fr",-6950.00
"Irene","Anichini","irene.anichini@yahoo.com",-6962.00
"Alfred","Pohl","alfred.pohl@fechner.net",-6964.00
"Debbie","Guilbert","debbie.guilbert@berg.edu",-6981.00
"Jaqueline","Wallace","jaqueline.wallace@gmail.com",-6985.00
"Paulo","Zito","paulo.zito@nelson.biz",-7057.00
"Alan","Pineda","alan.pineda@proyectos.info",-7063.00
"Deanna","Aporti","deanna.aporti@bouygtel.fr",-7119.00
"Leonardo","Guzman","leonardo.guzman@andreozzi-abba.com",-7175.00
"Agnolo","Cedillo","agnolo.cedillo@laboratorios.biz",-7225.00
"Leah","Ornelas","leah.ornelas@gmail.com",-7241.00
"Guillermo","Larsen","guillermo.larsen@yahoo.com",-7267.00
"Pierangelo","Scholtz","pierangelo.scholtz@lefevre.com",-7267.00
"Rosalia","Toro","rosalia.toro@free.fr",-7342.00
"Valeria","Rich","valeria.rich@turchetta-mondadori.it",-7350.00
"Luis","Edwards","luis.edwards@live.com",-7351.00
"Emma","Rios","emma.rios@yahoo.com.au",-7365.00
"Kyle","Cunningham","kyle.cunningham@voila.fr",-7429.00
"Mehdi","Todd","mehdi.todd@web.de",-7432.00
"Jonathan","Castellitto","jonathan.castellitto@libero.it",-7438.00
"Lothar","Laurent","lothar.laurent@garcia.com.au",-7562.00
"Luca","Moses","luca.moses@franke.de",-7631.00
"Edeltrud","Boyer","edeltrud.boyer@outlook.com",-7641.00
"Gabriel","Robles","gabriel.robles@yahoo.com",-7684.00
"Barbara","Guibert","barbara.guibert@casares-sanches.com",-7716.00
"Juan","Wheeler","juan.wheeler@gilmore.net",-7738.00
"Katherine","Cooley","katherine.cooley@yahoo.com",-7789.00
"Julien","Miles","julien.miles@stevens-rose.com",-7803.00
"Carin","Pineau","carin.pineau@yahoo.com",-7835.00
"Miranda","Lacombe","miranda.lacombe@longoria-vanegas.net",-7853.00
"Amico","Gosselin","amico.gosselin@shaw.info",-7856.00
"Jenna","Day","jenna.day@reed.com",-7899.00
"Gudrun","Mueller","gudrun.mueller@dillon-fuller.info",-7935.00
"Jeffery","Lacroix","jeffery.lacroix@medina.org",-7940.00
"Kornelius","Molina","kornelius.molina@heuser.com",-7948.00
"Giancarlo","Heydrich","giancarlo.heydrich@hotmail.com",-7999.00
"Magarete","Valentin","magarete.valentin@yahoo.com",-8065.00
"Tania","Chapman","tania.chapman@remy.com",-8091.00
"Sergio","Abbott","sergio.abbott@moore.net.au",-8204.00
"Leif","Monnier","leif.monnier@querini.it",-8268.00
"Sally","Raya","sally.raya@tarchetti.it",-8293.00
"Ubaldo","Brown","ubaldo.brown@philippe.com",-8305.00
"Manon","Daugherty","manon.daugherty@segre.com",-8350.00
"Guido","Krein","guido.krein@gmail.com",-8353.00
"Heidelore","Kennedy","heidelore.kennedy@guinizzelli.org",-8424.00
"Alexandrie","Lambert","alexandrie.lambert@yahoo.com",-8513.00
"Tatiana","Thompson","tatiana.thompson@hunt.net",-8638.00
"Claudia","Bernard","claudia.bernard@mazzanti.it",-8639.00
"Ingolf","Zamora","ingolf.zamora@yahoo.com.au",-8700.00
"Egon","Caron","egon.caron@hotmail.com",-8717.00
"Ann","Peron","ann.peron@grupo.biz",-8737.00
"Renee","Merino","renee.merino@gmail.com",-8797.00
"Rupert","Valle","rupert.valle@filogamo.it",-8808.00
"Marcelle","Bender","marcelle.bender@edwards-robinson.info",-8858.00
"Francis","Bernier","francis.bernier@rodriguez.com",-8875.00
"Graziella","Vidal","graziella.vidal@hotmail.com",-8886.00
"Jens","Graham","jens.graham@jones-buckley.com",-8941.00
"Elliot","Santana","elliot.santana@gmx.de",-8943.00
"Lucrezia","Koch","lucrezia.koch@petit.com",-8955.00
"Denny","Fritz","denny.fritz@despacho.biz",-9036.00
"Melissa","Canali","melissa.canali@libero.it",-9137.00
"Esteban","Valdez","esteban.valdez@hotmail.com",-9149.00
"Herlinde","George","herlinde.george@free.fr",-9194.00
"Adriano","Wulf","adriano.wulf@schmidtke.net",-9204.00
"Sophie","Antoine","sophie.antoine@andersen.com",-9341.00
"Pamela","Payne","pamela.payne@yahoo.com",-9343.00
"Corey","Greggio","corey.greggio@johnson.org.au",-9369.00
"Victor","Jacobs","victor.jacobs@young.com",-9373.00
"Gonzalo","Montes","gonzalo.montes@hotmail.com",-9446.00
"Giacomo","Bouvet","giacomo.bouvet@gmail.com",-9464.00
"Hector","Morrison","hector.morrison@web.de",-9485.00
"Hansjoachim","Lettiere","hansjoachim.lettiere@hall-mcdaniel.net",-9508.00
"Christelle","Blasi","christelle.blasi@morris-chan.com",-9520.00
"Regina","Morin","regina.morin@barcaccia.net",-9549.00
"Micaela","Martel","micaela.martel@hotmail.com",-9590.00
"Julia","Ali","julia.ali@yahoo.com",-9910.00
"April","Davids","april.davids@fisher.info",-9933.00
"Diethard","Salgado","diethard.salgado@gmail.com",-9997.00
"Walli","Albert","walli.albert@dussen.com",-10055.00
"Hartwig","Roberts","hartwig.roberts@saraceno.net",-10064.00
"Esmeralda","Sollima","esmeralda.sollima@visintini.it",-10106.00
"Julio","Renner","julio.renner@industrias.net",-10123.00
"Serafina","Bonnin","serafina.bonnin@mendes.com",-10135.00
"Gregory","Jackson","gregory.jackson@ortiz.com",-10149.00
"Branka","Traore","branka.traore@jacobi.com",-10164.00
"Kayla","Moon","kayla.moon@yahoo.de",-10241.00
"Gilbert","Cornejo","gilbert.cornejo@hotmail.com",-10320.00
"Gordon","Vigorelli","gordon.vigorelli@solano.com",-10350.00
"Abbie","Galeati","abbie.galeati@ubaldi.it",-10377.00
"Katelyn","Cole","katelyn.cole@fiebig.com",-10442.00
"Frances","Garnier","frances.garnier@aporti-guidotti.org",-10502.00
"Ariana","Houston","ariana.houston@hotmail.it",-10509.00
"Wilfriede","Baca","wilfriede.baca@caraballo.com",-10540.00
"Romeo","Surian","romeo.surian@batista.com",-10573.00
"Dorothe","Paz","dorothe.paz@fiebig.de",-10606.00
"Rosie","Peltier","rosie.peltier@voila.fr",-10747.00
"Alvaro","Lemus","alvaro.lemus@yahoo.com",-10965.00
"Xavier","Samson","xavier.samson@baggio.it",-11184.00
"Vanessa","Tschentscher","vanessa.tschentscher@mitchell.com",-11202.00
"Jacques","Heidrich","jacques.heidrich@zamudio-chapa.com",-11297.00
"Antoine","Guyon","antoine.guyon@yahoo.com",-11343.00
"Denise","Wood","denise.wood@mantegna.com",-11707.00
"Cristian","Hale","cristian.hale@hotmail.co.uk",-11768.00
"Damien","Leger","damien.leger@dixon.biz",-11850.00
"Brian","Novak","brian.novak@ford.net",-11857.00
"Mesut","Morvan","mesut.morvan@gmail.com",-11871.00
"Gabrielle","Ayala","gabrielle.ayala@hotmail.com",-11916.00
"Elisa","Barkholz","elisa.barkholz@sfr.fr",-11945.00
"Michelle","Collier","michelle.collier@peruzzi.it",-11946.00
"Dionigi","Bruce","dionigi.bruce@industrias.com",-12036.00
"Salvador","Gaillard","salvador.gaillard@yahoo.de",-12205.00
"Giuliano","Bolzmann","giuliano.bolzmann@pacillo.it",-12220.00
"Gianpaolo","Massey","gianpaolo.massey@bouvier.com",-12240.00
"Luke","Klein","luke.klein@hotmail.com",-12253.00
"Gloria","Morton","gloria.morton@outlook.com",-12313.00
"Jasmine","Juvara","jasmine.juvara@yahoo.com.au",-12378.00
"Laurie","Fibonacci","laurie.fibonacci@gmail.com",-12452.00
"Ansaldo","Marks","ansaldo.marks@patel-odonnell.com",-12480.00
"Kathy","Zamorani","kathy.zamorani@hotmail.com",-12510.00
"Serena","Piacentini","serena.piacentini@yahoo.de",-12674.00
"Mercedes","Trujillo","mercedes.trujillo@aol.de",-12872.00
"Elizabeth","Valdivia","elizabeth.valdivia@gmail.com",-12924.00
"Theres","Antonioni","theres.antonioni@hotmail.com",-12950.00
"Trinidad","Vespa","trinidad.vespa@gmail.com",-13111.00
"Mariana","Ellis","mariana.ellis@rossi.org",-13160.00
"Lucy","Davidson","lucy.davidson@tele2.it",-13424.00
"Lucas","Austin","lucas.austin@gmail.com",-13433.00
"Carmine","Gonzales","carmine.gonzales@schleich.net",-13635.00
"Alberico","Herve","alberico.herve@beer.net",-13647.00
"Geoffrey","Williams","geoffrey.williams@poste.it",-13925.00
"Roger","Gerlach","roger.gerlach@may-mitchell.co.uk",-13973.00
"Sylvia","Bonomo","sylvia.bonomo@poulain.com",-14535.00
"Marcella","Govoni","marcella.govoni@barkholz.net",-14705.00
"Lina","Alcala","lina.alcala@vespa.net",-16136.00
"Pellegrino","Allen","pellegrino.allen@gmail.com",-16235.00
"Filippo","Parry","filippo.parry@live.com",-16590.00
"Conchita","Pagliaro","conchita.pagliaro@googlemail.com",-16855.00
"Alice","Wall","alice.wall@zaccardo.it",-17959.00
"Eugenia","Zichichi","eugenia.zichichi@yahoo.com",-18086.00
"Maurice","Gumprich","maurice.gumprich@griffin.net.au",-18352.00
"Marcela","Ferrante","marcela.ferrante@gmx.de",-19590.00
"Pierina","Gaggini","pierina.gaggini@free.fr",-19879.00
"Valentina","Pages","valentina.pages@hotmail.de",-19986.00
"Corinne","Mitschke","corinne.mitschke@hauffer.net",-20076.00
"Luciana","Petitjean","luciana.petitjean@patterson-cole.biz",-20483.00
"Rachel","Ulibarri","rachel.ulibarri@schueler.com",-20531.00
"William","Gibilisco","william.gibilisco@gaillard.com",-20696.00
"Anthony","Hauffer","anthony.hauffer@tlustek.org",-21057.00
"Perla","Figueroa","perla.figueroa@live.com",-21120.00
"Mateo","Sorrentino","mateo.sorrentino@calderon.com",-21404.00
"Kirsty","Lamy","kirsty.lamy@alonzi.it",-21449.00
"Josh","Cimarosa","josh.cimarosa@hotmail.com",-21527.00
"Franco","Fioravanti","franco.fioravanti@barry-gill.com.au",-21564.00
"Lucia","Riviere","lucia.riviere@samaniego.biz",-22516.00
"Roberto","Guyot","roberto.guyot@bennett.com",-22518.00
"Susan","Vigliotti","susan.vigliotti@yahoo.co.uk",-23309.00
"Patrizia","Wilms","patrizia.wilms@dbmail.com",-23820.00
"Ludovica","Arellano","ludovica.arellano@morandi-argento.com",-24828.00
"Meryem","Tapia","meryem.tapia@yahoo.com",-25720.00
"Julian","Noble","julian.noble@hill.org.au",-26044.00
"Amelia","Olvera","amelia.olvera@hotmail.com",-26669.00
"Jordan","Rowe","jordan.rowe@outlook.com",-27406.00
"Giampiero","Carlier","giampiero.carlier@hotmail.com",-27452.00
"Fulvio","Curiel","fulvio.curiel@reynolds.com",-27605.00
"Irma","Gemito","irma.gemito@googlemail.com",-28630.00
"Stella","Ullrich","stella.ullrich@hotmail.com.au",-28986.00
"Allen","Gates","allen.gates@gmail.com",-30186.00
"Thomas","Hutchinson","thomas.hutchinson@gmx.de",-30389.00
"Carl","Macias","carl.macias@yahoo.com",-30912.00
"Giulio","Bohlander","giulio.bohlander@dbmail.com",-31775.00
"Christiane","Ricciardi","christiane.ricciardi@zavala.com",-32283.00
"Lilija","Charles","lilija.charles@gmail.com",-32738.00
"Konrad","Briones","konrad.briones@fierro.com",-33126.00
"Annalisa","Pugh","annalisa.pugh@hotmail.fr",-33902.00
"Sofie","Woods","sofie.woods@riviere.com",-34123.00
"Adalberto","Lombardo","adalberto.lombardo@sfr.fr",-34128.00
"Bethan","Giacometti","bethan.giacometti@gmail.com",-37168.00
"Jessica","Martinez","jessica.martinez@salieri.com",-37172.00
"Andrea","Arroyo","andrea.arroyo@yahoo.com.au",-39014.00
"Raffaella","Esquivel","raffaella.esquivel@gmail.com",-39040.00
"Conor","Reinhardt","conor.reinhardt@yahoo.com.au",-40554.00
"Gino","Hernandez","gino.hernandez@covarrubias.com",-41357.00
"Rhys","Leiva","rhys.leiva@gmx.de",-41797.00
"Constance","Maldonado","constance.maldonado@spiess.net",-41851.00
"Giacobbe","Owens","giacobbe.owens@huet.fr",-42034.00
"Celal","Fischer","celal.fischer@aol.de",-43067.00
"Sara","Erickson","sara.erickson@yahoo.de",-45292.00
"Walburga","Vollbrecht","walburga.vollbrecht@aol.de",-47421.00
"Enrico","Fabre","enrico.fabre@gmail.com",-48085.00
"Todd","Douglas","todd.douglas@web.de",-48203.00
"Josette","Laine","josette.laine@saracino-parisi.net",-49513.00
"Martha","Girard","martha.girard@web.de",-50245.00
"Abril","Lowery","abril.lowery@novak.net",-51423.00
"Kelly","Carter","kelly.carter@hotmail.com.au",-54061.00
"Sonia","Volta","sonia.volta@gmx.de",-54343.00
"Bernadette","Wang","bernadette.wang@gmail.com",-54824.00
"Heather","Zimmer","heather.zimmer@bluemel.de",-55242.00
"Alec","Ho","alec.ho@parra-esparza.com",-55914.00
"Whitney","Noack","whitney.noack@laboratorios.org",-55916.00
"Anouk","Pace","anouk.pace@gmail.com",-56506.00
"Joanne","Henderson","joanne.henderson@gmail.com",-57338.00
"Jared","Ferguson","jared.ferguson@roberts.com",-59304.00
"Soledad","Soto","soledad.soto@hotmail.de",-59755.00
"Bianca","Drubin","bianca.drubin@libero.it",-60935.00
"Paige","Hill","paige.hill@jones.org.au",-62288.00
"Carlos","Delle","carlos.delle@hicks.com",-62738.00
"Renato","Murillo","renato.murillo@club.com",-62780.00
"Stewart","Hunt","stewart.hunt@anderson-vargas.biz",-63128.00
"Hanne","Kidd","hanne.kidd@yahoo.com",-63454.00
"Thibaut","Camarillo","thibaut.camarillo@hotmail.com",-64164.00
"Gastone","Beyer","gastone.beyer@stewart-sanchez.edu",-66665.00
"Eleni","Aponte","eleni.aponte@club-internet.fr",-66688.00
"Geza","Howard","geza.howard@voila.fr",-67021.00
"Marta","Huynh","marta.huynh@hernandez.info",-67368.00
"Ricky","Harrell","ricky.harrell@martin.edu",-67467.00
"Cindy","Castillo","cindy.castillo@virgilio.it",-68060.00
"Beate","Morgan","beate.morgan@gmail.com",-68187.00
"Cilli","Watts","cilli.watts@yahoo.com",-68486.00
"Vittorio","Caccioppoli","vittorio.caccioppoli@yahoo.com",-69515.00
"Tom","Leconte","tom.leconte@woods-johnson.com",-70036.00
"Marvin","Howe","marvin.howe@gmail.com",-72500.00
"Jose","Huang","jose.huang@gmx.de",-74940.00
"Lea","Merle","lea.merle@stey.de",-74979.00
"Christian","Anderson","christian.anderson@tim.it",-75432.00
"James","Elliott","james.elliott@gmail.com",-75511.00
"Evelyn","Haynes","evelyn.haynes@clark.info",-76295.00
"Tyler","Rivera","tyler.rivera@guajardo-ozuna.com",-77517.00
"Nino","Bien","nino.bien@gmail.com",-78184.00
"Olivia","Striebitz","olivia.striebitz@gmail.com",-78477.00
"Carlo","Jacquot","carlo.jacquot@hotmail.com",-80198.00
"Gerdi","Guerrero","gerdi.guerrero@tele2.fr",-80988.00
"Jennifer","Giraud","jennifer.giraud@yahoo.com",-81813.00
"Herma","Gabbana","herma.gabbana@hotmail.com",-82310.00
"Modesto","Wright","modesto.wright@pareto.com",-82379.00
"Benita","Pottier","benita.pottier@sfr.fr",-83649.00
"Walther","Duarte","walther.duarte@web.de",-83750.00
"Antje","Voisin","antje.voisin@gmail.com",-84906.00
"Cornelio","Guardado","cornelio.guardado@gmail.com",-86724.00
"Belinda","Gamez","belinda.gamez@leleu.com",-90047.00
"Roberta","Finzi","roberta.finzi@knight-davies.co.uk",-92956.00
"Dietmar","Grenier","dietmar.grenier@tele2.it",-93724.00
"Amedeo","Bradford","amedeo.bradford@yahoo.com",-93803.00
"Pompeo","Bourdon","pompeo.bourdon@gmail.com",-94304.00
"Eitel","Lombard","eitel.lombard@thomas.net",-94402.00
"Marguerite","Walls","marguerite.walls@martinez.fr",-95562.00
"Tracy","Metz","tracy.metz@bryant.info",-96797.00
"Claudio","Reuter","claudio.reuter@morgan-collins.org.au",-99266.00
"Ethan","Duhamel","ethan.duhamel@sfr.fr",-99268.00
"Manuel","Gracia","manuel.gracia@trussardi.eu",-102015.00
"Simone","Sauvage","simone.sauvage@yahoo.com",-104249.00
"Kurt","Sauer","kurt.sauer@almanza.biz",-104361.00
"Marina","Madrid","marina.madrid@galarza-alba.com",-105065.00
"Ronald","Simpson","ronald.simpson@ovadia.net",-105421.00
"Tonia","Coleman","tonia.coleman@hotmail.com",-105778.00
"Philippe","Gardner","philippe.gardner@howells-jones.net",-106595.00
"Michele","Brambilla","michele.brambilla@yahoo.com",-108418.00
"Herbert","Fraser","herbert.fraser@holloway.org.au",-108598.00
"Grit","Knight","grit.knight@web.de",-108601.00
"Anne","Snow","anne.snow@gmail.com",-112974.00
"Branko","Chambers","branko.chambers@ifrance.com",-113784.00
"Eleanor","Hall","eleanor.hall@hotmail.com",-114685.00
"Milan","Montenegro","milan.montenegro@langern.com",-116637.00
"Monique","Delgadillo","monique.delgadillo@hotmail.co.uk",-116736.00
"Ilaria","Bowen","ilaria.bowen@hotmail.it",-119775.00
"Dawn","Cortez","dawn.cortez@gmail.com",-122793.00
"Darren","Bernardi","darren.bernardi@brooks-martin.com",-123412.00
"Heiko","Bourgeois","heiko.bourgeois@togliatti.com",-124245.00
"Omar","Fonseca","omar.fonseca@grupo.org",-124556.00
"Alfio","Roman","alfio.roman@hotmail.co.uk",-126220.00
"Hannah","Jockel","hannah.jockel@ceravolo-tonisto.eu",-133069.00
"Luigi","Bonnet","luigi.bonnet@carriera-federico.it",-133260.00
"Maura","Ravaglioli","maura.ravaglioli@yahoo.com",-133538.00
"Gioffre","Stein","gioffre.stein@hotmail.com.au",-134073.00
"Severino","Linares","severino.linares@angeli.com",-134328.00
"Henriette","Lang","henriette.lang@mimun.it",-134982.00
"Loretta","Mallet","loretta.mallet@sansoni-toscani.it",-136556.00
"Kata","Mena","kata.mena@gmail.com",-137405.00
"Zeferino","Barrera","zeferino.barrera@zedillo-velazquez.com",-137892.00
"Lucie","Redi","lucie.redi@googlemail.com",-138832.00
"Amalia","Marenzio","amalia.marenzio@grupo.com",-139466.00
"Hermelinda","Olmos","hermelinda.olmos@portillo.com",-140585.00
"Franck","Wade","franck.wade@gute.org",-141791.00
"Carole","Nohlmans","carole.nohlmans@yahoo.com",-142936.00
"Kristy","Bartlett","kristy.bartlett@outlook.com",-143536.00
"Ugo","Harrison","ugo.harrison@morley-chapman.co.uk",-144556.00
"Hiltrud","Thibault","hiltrud.thibault@barbe.com",-145957.00
"Alexandre","Serrano","alexandre.serrano@yahoo.co.uk",-148874.00
"Sam","Adams","sam.adams@yahoo.com",-152892.00
"Nicola","Rossi","nicola.rossi@berry.org",-164858.00
"Jason","Howell","jason.howell@gmx.de",-168650.00
